Name,Given Name,Additional Name,Family Name,Yomi Name,Given Name Yomi,Additional Name Yomi,Family Name Yomi,Name Prefix,Name Suffix,Initials,Nickname,Short Name,Maiden Name,Birthday,Gender,Location,Billing Information,Directory Server,Mileage,Occupation,Hobby,Sensitivity,Priority,Subject,Notes,Language,Photo,Group Membership,E-mail 1 - Type,E-mail 1 - Value,E-mail 2 - Type,E-mail 2 - Value,E-mail 3 - Type,E-mail 3 - Value,E-mail 4 - Type,E-mail 4 - Value,IM 1 - Type,IM 1 - Service,IM 1 - Value,Phone 1 - Type,Phone 1 - Value,Phone 2 - Type,Phone 2 - Value,Phone 3 - Type,Phone 3 - Value,Address 1 - Type,Address 1 - Formatted,Address 1 - Street,Address 1 - City,Address 1 - PO Box,Address 1 - Region,Address 1 - Postal Code,Address 1 - Country,Address 1 - Extended Address,Address 2 - Type,Address 2 - Formatted,Address 2 - Street,Address 2 - City,Address 2 - PO Box,Address 2 - Region,Address 2 - Postal Code,Address 2 - Country,Address 2 - Extended Address,Organization 1 - Type,Organization 1 - Name,Organization 1 - Yomi Name,Organization 1 - Title,Organization 1 - Department,Organization 1 - Symbol,Organization 1 - Location,Organization 1 - Job Description,Relation 1 - Type,Relation 1 - Value,Relation 2 - Type,Relation 2 - Value,Relation 3 - Type,Relation 3 - Value,Website 1 - Type,Website 1 - Value,Event 1 - Type,Event 1 - Value
Abbey Runion,Abbey,,Runion,,,,,,,,,,,2000-10-05,,,,,,,,,,,,,https://lh5.googleusercontent.com/-aUhfziP9vJg/Xo9n-7VaYYI/AAAAAAAAAAA/4K7_BGImMsUc_aA36SKFsrIf6IsmgBTWQCOQCEAE/photo.jpg,Family ::: * myContacts,* Other,abbey.elizabeth.runion@gmail.com,Other,abbeyrunion@icloud.com,,,,,,,,Mobile,+1 (864) 905-1335,,,,,,,,,,,,,,,,,,,,,,,,,,,,,,,,,,,,,,,,
,,,,,,,,,,,,,,,,,,,,,,,,,,,,* myContacts,,,,,,,,,,,,Other,+18645521123,,,,,,,,,,,,,,,,,,,,,,,,Abs. Cilmate Ctrl,,,,,,,,,,,,,,,,
Adam Renkovish,Adam,,Renkovish,,,,,,,,,,,,,,,,,,,,,,,,,* myContacts,,,,,,,,,,,,Main,+18644779484,,,,,,,,,,,,,,,,,,,,,,,,Brittany Movie Friend Director Guy,,,,,,,,,,,,,,,,
Addison Bayley,Addison,,Bayley,,,,,,,,,,,,,,,,,,,,,,,,,* myContacts,,,,,,,,,,,,Mobile,(864) 607-8976,,,,,,,,,,,,,,,,,,,,,,,,,,,,,,,,,,,,,,,,
Adobe,Adobe,,,,,,,,,,,,,,,,,,,,,,,,,,https://lh3.googleusercontent.com/-4VIbipcLjCM/Xo9mcegGfTI/AAAAAAAAAAA/nP4-T_50Gug2zgDMEm9CN5FMZtGNvk42QCOQCEAE/photo.jpg,* myContacts,,,,,,,,,,,,Mobile,+1 844-200-2305,Other,+18333240176 ::: +12074479540,,,,,,,,,,,,,,,,,,,,,,,,,,,,,,,,,,,,,,
Alex Faultenhour,Alex,,Faultenhour,,,,,,,,,,,,,,,,,,,,,,,,,* myContacts,,,,,,,,,,,,Mobile,+1 864-238-4736,,,,,,,,,,,,,,,,,,,,,,,,,,,,,,,,,,,,,,,,
Allstate,Allstate,,,,,,,,,,,,,,,,,,,,,,,,,,https://lh5.googleusercontent.com/-VabvxgpOt5Y/Xo9mcdaMUvI/AAAAAAAAAAA/C-x2Wi0M0kgXQh072jZs1F9cAE4BIn05ACOQCEAE/photo.jpg,* myContacts,,,,,,,,,,,,Main,434637,Other,25911,,,,,,,,,,,,,,,,,,,,,,Allstate,,,,,,,,,,,,,,,,
Amanda Wood,Amanda,,Wood,,,,,,,,,,,,,,,,,,,,,,,,,* myContacts,,,,,,,,,,,,Main,+18644231594,,,,,,,,,,,,,,,,,,,,,,,,,,,,,,,,,,,,,,,,
Amazon,Amazon,,,,,,,,,,,,,,,,,,,,,,,,,,https://lh5.googleusercontent.com/-3yw4rB7eaFE/Xo9mcaiQ_rI/AAAAAAAAAAA/a_OGxwpNevY8o4SE-iGdqsyErSHF2VSJQCOQCEAE/photo.jpg,* myContacts,,,,,,,,,,,,Main,262966,,,,,,,,,,,,,,,,,,,,,,,,Amazon,,,,,,,,,,,,,,,,
Andrea Roylston,Andrea,,Roylston,,,,,,,,,,,,,,,,,,,,,,,,https://lh4.googleusercontent.com/-HNmxGZXGQ00/XtAaJCkH2cI/AAAAAAAAAAA/xtFOBwVUZS48a6suFsiNf7ZMv6_2OgNGwCOQCEAE/photo.jpg,* myContacts,,,,,,,,,,,,Other,+18647049773,,,,,,,,,,,,,,,,,,,,,,,,,,,,,,,,,,,,,,,,
Andy Aparicio,Andy,,Aparicio,,,,,,,,,,,,,,,,,,,,,,,,,* myContacts,* Home,andy.aparicio@jacksonmg.com,,,,,,,,,,Home,(864) 272-3040 ::: (917) 971-8679,,,,,,,,,,,,,,,,,,,,,,,,,,,,,,,,,,,,,,,,
Angie Stalnaker,Angie,,Stalnaker,,,,,,,,,,,,,,,,,,,,,,,,,* myContacts,* Home,astalnak@microsoft.com,,,,,,,,,,Mobile,(770) 891-8132,,,,,Home,"3740 Lakeview Farm Road
Cumming, GA 30041
US ::: 3740 Lakewood Farm Rd.
Cumming 30041
US",3740 Lakeview Farm Road ::: 3740 Lakewood Farm Rd.,Cumming ::: Cumming, ::: ,GA ::: ,30041 ::: 30041,US ::: US, ::: ,,,,,,,,,,,Microsoft,,Support Practice Manager,,,,,,,,,,,homePage,fb://profile/561632074,,
AnnaLeigh Runion,AnnaLeigh,,Runion,,,,,,,,,,,1997-11-03,,,,,,,,,,,,,https://lh4.googleusercontent.com/-xvTTSmuXBmA/Xt6Gdy3qn-I/AAAAAAAAAAA/eThdYxrIIeo038dvUeF-pMzBj-9TeHz0QCOQCEAE/photo.jpg,Family ::: * myContacts,* Other,clemsongirl@icloud.com,,,,,,,,,,Mobile,(864) 553-2800,,,,,,,,,,,,,,,,,,,,,,,,,,,,,,,,,,,,,,,,
Apple,Apple,,,,,,,,,,,,,,,,,,,,,,,,,,,* myContacts,,,,,,,,,,,,Mobile,819-61,Work,50472,Main,1-800-MY-APPLE,Work,"1 Infinite Loop
Cupertino, CA 95014
United States",1 Infinite Loop,Cupertino,,CA,95014,United States,,,,,,,,,,,,Apple Inc.,,,,,,,,,,,,,homePage,http://www.apple.com,,
Ashley Ables,Ashley,,Ables,,,,,,,,,,,,,,,,,,,,,,,,https://lh4.googleusercontent.com/-VTezIPiv2Wk/XwPDU7uxi8I/AAAAAAAAAAA/71uLoFJwjccykcg_3hET1STjjSXNlamfwCOQCEAE/photo.jpg,* myContacts,,,,,,,,,,,,Other,+18643803817,,,,,,,,,,,,,,,,,,,,,,,,,,,,,,,,,,,,,,,,
Austin Fowler,Austin,,Fowler,,,,,,,,,,,,,,,,,,,,,,,,,* myContacts,,,,,,,,,,,,Main,+18644362834,,,,,,,,,,,,,,,,,,,,,,,,,,,,,,,,,,,,,,,,
,,,,,,,,,,,,,,,,,,,,,,,,,,,https://lh5.googleusercontent.com/-aoYY2BcT6OI/Xo9mcW5A3uI/AAAAAAAAAAA/O2kT_cvfeQ8WD2n3vKdZM8HfOp511mWkwCOQCEAE/photo.jpg,* myContacts,,,,,,,,,,,,Other,+16283631245 ::: 78156,,,,,,,,,,,,,,,,,,,,,,,,Authy,,,,,,,,,,,,,,,,
Bank Of America,Bank Of America,,,,,,,,,,,,,,,,,,,,,,,,,,https://lh3.googleusercontent.com/-MDCvfMVceV8/Xo9mcfXegAI/AAAAAAAAAAA/Cblwm5g2OqAKHuJ0uvggoFwyrWtVLjsTwCOQCEAE/photo.jpg,* myContacts,,,,,,,,,,,,Mobile,739-81,Work,22649,Other,692632 ::: 41021 ::: 322632,,,,,,,,,,,,,,,,,,,,,,,,,,,,,,,,,,,,
Ben Cox,Ben,,Cox,,,,,,,,,,,,,,,,,,,,,,,,,* myContacts,* Home,ben@bencoxdesigns.com,,,,,,,,,,,,,,,,,,,,,,,,,,,,,,,,,,,Ben Cox Designs,,,,,,,,,,,,,,,,
Best Buy,Best,,Buy,,,,,,,,,,,,,,,,,,,,,,,,https://lh6.googleusercontent.com/-oiLCUeBwxVM/Xo9mcaVJ6xI/AAAAAAAAAAA/ST95WK6dgxktPnBhrrceDKrYMOChzb6SQCOQCEAE/photo.jpg,* myContacts,,,,,,,,,,,,Main,332211,,,,,,,,,,,,,,,,,,,,,,,,Best Buy,,,,,,,,,,,,,,,,
Betty Jordan,Betty,,Jordan,,,,,,,,,,,,,,,,,,,,,,,,,* myContacts,,,,,,,,,,,,Mobile,(843) 907-0593,Home,(843) 651-4908,,,,,,,,,,,,,,,,,,,,,,,,,,,,,,,,,,,,,,
Betty Ray,Betty,,Ray,,,,,,,,,,,,,,,,,,,,,,,,,* myContacts,,,,,,,,,,,,Mobile,(407) 453-3495,,,,,,,,,,,,,,,,,,,,,,,,,,,,,,,,,,,,,,,,
Bill Donovan,Bill,,Donovan,,,,,,,,,,,,,,,,,,,,,,,,,* myContacts,* Work,breakaway1@aol.com,,,,,,,,,,Mobile,864-787-7797,,,,,,,,,,,,,,,,,,,,,,,,,,,,,,,,,,,,,,,,
Blake Ross,Blake,,Ross,,,,,,,,,,,1982-05-09,,,,,,,,,,,Gender: Male,,https://lh4.googleusercontent.com/-fGePrQMKY44/XsVempNkJLI/AAAAAAAAAAA/FA96g_g6dP8f1q4ThBaiXoWhEp0Klb-wQCOQCEAE/photo.jpg,* myContacts,* Home,ubu2600@gmail.com,,,,,,,,,,Other,864-506-5462,,,,,Home,"800 N Franklin Rd
Greenville, SC 29617
US",800 N Franklin Rd,Greenville,,SC,29617,US,,,,,,,,,,,,Jackson Marketing Group,,Designer/Front End Developer,,,,,,,,,,,homePage,www.uburu.com,,
Bob Ingram,Bob,,Ingram,,,,,,,,,,,,,,,,,,,,,,,,,* myContacts,* Other,1bobingram@gmail.com,,,,,,,,,,Mobile,(832) 579-4697,,,,,,,,,,,,,,,,,,,,,,,,,,,,,,,,,,,,,,,,
Brad Lindstrom,Brad,,Lindstrom,,,,,,,,,,,,,,,,,,,,,,,,,* myContacts,,,,,,,,,,,,Mobile,(864) 281-9171,,,,,,,,,,,,,,,,,,,,,,,,Foot Doctor,,,,,,,,,,,,,,,,
Braiden Garzony,Braiden,,Garzony,,,,,,,,,,,,,,,,,,,,,,,,,* myContacts,,,,,,,,,,,,Mobile,(864) 434-3078,,,,,Home,"207 Ravens Worth Rd
Taylors, SC
US",207 Ravens Worth Rd,Taylors,,SC,,US,,,,,,,,,,,,,,,,,,,,,,,,,,,,
Brandon Mitchell,Brandon,,Mitchell,,,,,,,,,,,,,,,,,,,,,,,,,* myContacts,,,,,,,,,,,,Main,+1 917-515-2377,,,,,,,,,,,,,,,,,,,,,,,,,,,,,,,,,,,,,,,,
Bree Graham,Bree,,Graham,,,,,,,,,,,,,,,,,,,,,,,,,* myContacts,* Work,bree@radiusgreenville.org,,,,,,,,,,Mobile,(864) 561-6510,,,,,Home,"105 Perry Avenue
Simpsonville, SC 29681
US",105 Perry Avenue,Simpsonville,,SC,29681,US,,,,,,,,,,,,Radius Church,,,,,,,,,,,,,,,,
Brent Wood,Brent,,Wood,,,,,,,,,,,,,,,,,,,,,,,,,* myContacts,,,,,,,,,,,,Mobile,(864) 423-7410,,,,,,,,,,,,,,,,,,,,,,,,,,,,,,,,,,,,,,,,
Brian (Flooring),Brian,,(Flooring),,,,,,,,,,,,,,,,,,,,,,,,,* myContacts,,,,,,,,,,,,Main,+18643048982,,,,,,,,,,,,,,,,,,,,,,,,,,,,,,,,,,,,,,,,
Brian Darnell,Brian,,Darnell,,,,,,,,,,,,,,,,,,,,,,,,,* myContacts,,,,,,,,,,,,Mobile,(864) 982-4826,,,,,Home,"5 Delmar Ave
Greenville, SC 29609
US",5 Delmar Ave,Greenville,,SC,29609,US,,,,,,,,,,,,Grace Church,,,,,,,,,,,,,,,,
Brian Gural,Brian,,Gural,,,,,,,,,,,,,,,,,,,,,,,,,* myContacts,* Other,bgural@gracechurchsc.org,Home,brian.garral@hotmail.com,,,,,,,,Mobile,(404) 751-6406,,,,,,,,,,,,,,,,,,,,,,,,,,,,,,,,,,,,,,,,
Brittany Smith,Brittany,,Smith,,,,,,,,,,,1988-09-01,,,,,,,,,,,,,https://lh3.googleusercontent.com/-T7F8FMyHvnU/Xo9n-xbkHdI/AAAAAAAAAAA/tTy7tAIDdfIOhOlFn3d9HjdDeW8xHO5JACOQCEAE/photo.jpg,Round Table ::: * myContacts,* Gmail,brittanyrdail@gmail.com,,,,,,,,,,Mobile,8033207463,,,,,,,,,,,,,,,,,,,,,,,,,,,,,,,,,,,,,,,,
Brody Runion,Brody,,Runion,,,,,,,,,,,2007-05-07,,,,,,,,,,,Gender: Male,,https://lh5.googleusercontent.com/-i5ckLJ6uy38/Xo9n-9LG7EI/AAAAAAAAAAA/gDYjSMGyzawHN78NG8VnmCdXxVn4QA6awCOQCEAE/photo.jpg,* myContacts,* Home,brody@therunions.com,,,,,,,,,,Mobile,+1 864-509-8882,,,,,,,,,,,,,,,,,,,,,,,,,,,,,,,,,,,,,,,,
Brooks Dixon,Brooks,,Dixon,,,,,,,,,,,,,,,,,,,,,,,,,* myContacts,,,,,,,,,,,,Mobile,+18649150677,,,,,,,,,,,,,,,,,,,,,,,,,,,,,,,,,,,,,,,,
Burnes (Neighbor),Burnes,,(Neighbor),,,,,,,,,,,,,,,,,,,,,,,,,* myContacts,,,,,,,,,,,,Main,+18644300041,,,,,,,,,,,,,,,,,,,,,,,,,,,,,,,,,,,,,,,,
Caleb Carter,Caleb,,Carter,,,,,,,,,,,,,,,,,,,,,,"x
Gender: Male",,,* myContacts,* Other,caleb@radiusgreenville.org,Work,calebecarter@gmail.com,,,,,,,,Mobile,+1 (864) 421-3436,,,,,,,,,,,,,,,,,,,,,,,,,,,,,,,,,,,,,,,,
Caleb Johnson,Caleb,,Johnson,,,,,,,,,,,2002-11-08,,,,,,,,,,,,,https://lh5.googleusercontent.com/-xLnX5d281lU/Xo9mcUtgERI/AAAAAAAAAAA/Ed5VgM_4EWoUmd5BNN9-A4slBqc9mTSeQCOQCEAE/photo.jpg,Round Table ::: * myContacts,* Other,caleb.johnson110802@gmail.com,,,,,,,,,,,,,,,,,,,,,,,,,,,,,,,,,,,,,,,,,,,,,,,,,,,
Caleb Runion,Caleb,,Runion,,,,,,,,,,,1996-03-07,Male,,,,,,,,,,,,https://lh3.googleusercontent.com/-gbDTWfxVWsI/X2j00-dfh6I/AAAAAAAAAAA/m8bXTuamKIo5o_SIksGstUQi_Jj5AO4hACOQCEAE/photo.jpg,Round Table ::: * myContacts,* iCloud,calebrunion@icloud.com,personal,caleb.runion@hey.com,Other,calrunion@gmail.com,,,,,,Mobile,(864) 386-3546,Other,(864) 326-5458,,,Home,"113 Swinton Dr
Greenville, SC 29607
United States",113 Swinton Dr,Greenville,,SC,29607,United States,,Work,"1068 Holland Rd
Mauldin, SC 29681
United States",1068 Holland Rd,Mauldin,,SC,29681,United States,,,,,,,,,,Mother,Crystal Runion,Spouse,Mary Frances Runion,Father,Travis Runion,Portfolio,https://devrunion.com,,
Calvin Smith,Calvin,,Smith,,,,,,,,,,,,,,,,,,,,,,,,,* myContacts,,,,,,,,,,,,Mobile,+18644778283,,,,,,,,,,,,,,,,,,,,,,,,,,,,,,,,,,,,,,,,
Camille Reader,Camille,,Reader,,,,,,,,,,,,,,,,,,,,,,Gender: Female,,https://lh4.googleusercontent.com/-v5khEiqQexg/Xo9n-3ZNSDI/AAAAAAAAAAA/dyJAQyenH3s3ypkqcqdBW6sX0Fs6Fi79gCOQCEAE/photo.jpg,* myContacts,* Home,camille.reader@gmail.com,,,,,,,,,,Mobile,+18644363526,,,,,Home,"107 Abingdon Way
Gvill 29615
US",107 Abingdon Way,Gvill,,,29615,US,,,,,,,,,,,,,,,,,,,,,,,,,,,,
Caroline Starling,Caroline,,Starling,,,,,,,,,,,1995-08-04,,,,,,,,,,,,,https://lh4.googleusercontent.com/-ocjQHmoKTUE/Xo9n-2DtHbI/AAAAAAAAAAA/wAu7lU8Gl6YKtj54gn3I-ln-LxhxRj30wCOQCEAE/photo.jpg,* myContacts,* Home,southcarolina95@gmail.com,,,,,,,,,,Mobile,(864) 915-7123,,,,,,,,,,,,,,,,,,,,,,,,,,,,,,,,,,,,,,,,
Carter Tippens,Carter,,Tippens,,,,,,,,,,,,,,,,,,,,,,Gender: Male,,,* myContacts,* personal,carter.tippins@gmail.com,,,,,,,,,,,,,,,,,,,,,,,,,,,,,,,,,,,,,,,,,,,,,,,,,,,
Cathy Durham,Cathy,,Durham,,,,,,,,,,,,,,,,,,,,,,,,,* myContacts,* Other,cathyrpm@aol.com,,,,,,,,,,Mobile,+18643808227,Work,8648797231,,,,,,,,,,,,,,,,,,,,,,Runion Asset Management,,,,,,,,,,,,,,,,
Chad Ploof,Chad,,Ploof,,,,,,,,,,,,,,,,,,,,,,Gender: Male,,,* myContacts,* Home,cploof2423@gmail.com,,,,,,,,,,Mobile,(864) 293-1752,,,,,Home,"208 Donnan Rd
Taylors 29687
US",208 Donnan Rd,Taylors,,,29687,US,,,,,,,,,,,,,,,,,,,,,,,,,,,,
Charlie Mitchell,Charlie,,Mitchell,,,,,,,,,,,,,,,,,,,,,,,,https://lh5.googleusercontent.com/-g30PuYATe6U/Xo9mcQjwCgI/AAAAAAAAAAA/Qak41X8g5kgK-0bGxo4u_4F94VCuEtyFwCOQCEAE/photo.jpg,* myContacts,,,,,,,,,,,,Mobile,+14703284539,,,,,,,,,,,,,,,,,,,,,,,,,,,,,,,,,,,,,,,,
Charlie Runion,Charlie,,Runion,,,,,,,,,,,,,,,,,,,,,,"CATEGORIES: Runion Family,Tollison Family,iBiz Clients",,,* myContacts,* Work,charlierunion@aol.com,,,,,,,Home,Aim,charlierunion,Mobile,(864) 275-6051,Work,(864) 879-7231,,,Home,"1940 Gibb Shoals Rd
Greer, SC 29650
US",1940 Gibb Shoals Rd,Greer,,SC,29650,US,,Work,"PO Box 12158
Greenville, SC 29612
US",PO Box 12158,Greenville,,SC,29612,US,,,Runion Asset Management,,,,,,,Spouse,Natalie,,,,,,,,
Cheri Harkins,Cheri,,Harkins,,,,,,,,,,,,,,,,,,,,,,,,,* myContacts,* Other,djwatson@pmbx.net,,,,,,,,,,,,,,,,,,,,,,,,,,,,,,,,,,,,,,,,,,,,,,,,,,,
Chris Brady,Chris,,Brady,,,,,,,,,,,,,,,,,,,,,,,,,* myContacts,,,,,,,,,,,,Main,+18643139166,,,,,,,,,,,,,,,,,,,,,,,,Jackson Marketing Group,,,,,,,,,,,,,,,,
Cliff Hammond,Cliff,,Hammond,,,,,,,,,,,,,,,,,,,,,,,,,* myContacts,,,,,,,,,,,,Mobile,(803) 209-3748,,,,,,,,,,,,,,,,,,,,,,,,,,,,,,,,,,,,,,,,
,,,,,,,,,,,,,,,,,,,,,,,,,,,,* myContacts,,,,,,,,,,,,Other,+18336580781,,,,,,,,,,,,,,,,,,,,,,,,Clover,,,,,,,,,,,,,,,,
Cole Anderson,Cole,,Anderson,,,,,,,,,,,,,,,,,,,,,,,,,* myContacts,* Home,csander1@g.coastal.edu,,,,,,,,,,Mobile,+18644238770,,,,,Home,"100 Turtle Creek Dr
Greenville, SC 29615
US",100 Turtle Creek Dr,Greenville,,SC,29615,US,,,,,,,,,,,,,,,,,,,,,,,,,,,,
Connor Perkins,Connor,,Perkins,,,,,,,,,,,,,,,,,,,,,,,,,* myContacts,,,,,,,,,,,,Mobile,+1 (864) 650-1123,,,,,,,,,,,,,,,,,,,,,,,,,,,,,,,,,,,,,,,,
Connor Sweeney,Connor,,Sweeney,,,,,,,,,,,,,,,,,,,,,,,,,* myContacts,,,,,,,,,,,,Main,+18643733130,,,,,,,,,,,,,,,,,,,,,,,,,,,,,,,,,,,,,,,,
Cora Runion,Cora,,Runion,,,,,,,,,,,2003-02-09,,,,,,,,,,,,,https://lh3.googleusercontent.com/-2pMGOf5NJo4/X3e0xG7fx-I/AAAAAAAAAAA/oC6RWxFZK_EobkvUivLYNKLHnkauxrzywCOQCEAE/photo.jpg,* myContacts,* Other,corakay@peoplearecrazy.me,,,,,,,,,,Mobile,+1 (864) 517-6700,,,,,,,,,,,,,,,,,,,,,,,,,,,,,,,,,,,,,,,,
Cory Thompson,Cory,,Thompson,,,,,,,,,,,,,,,,,,,,,,,,,* myContacts,,,,,,,,,,,,Mobile,+1 803-318-6329,Main,+18033186329,,,,,,,,,,,,,,,,,,,,,,,,,,,,,,,,,,,,,,
Cynthia Fox,Cynthia,,Fox,,,,,,,,,,,,,,,,,,,,,,,,,* myContacts,,,,,,,,,,,,Other,+1 (864) 346-2101,,,,,,,,,,,,,,,,,,,,,,,,,,,,,,,,,,,,,,,,
Daniel Fox,Daniel,,Fox,,,,,,,,,,,,,,,,,,,,,,,,,* myContacts,* Home,dfox3587@student.greenvilleschools.org,Work,dcfox@g.clemson.edu,,,,,,,,Mobile,(864) 414-8346,,,,,,,,,,,,,,,,,,,,,,,,,,,,,,,,,,,,,,,,
Danny Higginbothem,Danny,,Higginbothem,,,,,,,,,,,,,,,,,,,,,,,,,* myContacts,,,,,,,,,,,,Mobile,8643635951,Home,(864) 848-6756,,,,,,,,,,,,,,,,,,,,,,,,,,,,,,,,,,,,,,
Dave Newall,Dave,,Newall,,,,,,,,,,,,,,,,,,,,,,,,,* myContacts,,,,,,,,,,,,Main,(402) 660-4449,,,,,,,,,,,,,,,,,,,,,,,,,,,,,,,,,,,,,,,,
David Specia,David,,Specia,,,,,,,,,,,,,,,,,,,,,,,,,* myContacts,,,,,,,,,,,,Main,+18643956388,,,,,,,,,,,,,,,,,,,,,,,,,,,,,,,,,,,,,,,,
Deon Spence,Deon,,Spence,,,,,,,,,,,,,,,,,,,,,,,,,* myContacts,,,,,,,,,,,,Main,+18035462381,,,,,,,,,,,,,,,,,,,,,,,,,,,,,,,,,,,,,,,,
Drew Welch,Drew,,Welch,,,,,,,,,,,,,,,,,,,,,,,,,* myContacts,,,,,,,,,,,,Mobile,8645082249,,,,,,,,,,,,,,,,,,,,,,,,RT: Sydney's Boo,,,,,,,,,,,,,,,,
,,,,,,,,,,,,,,,,,,,,,,,,,,,,* myContacts,,,,,,,,,,,,Other,288402,,,,,,,,,,,,,,,,,,,,,,,,Ebay,,,,,,,,,,,,,,,,
Elise Geggis,Elise,,Geggis,,,,,,,,,,,1985-11-11,,,,,,,,,,,,,https://lh3.googleusercontent.com/-yo1fT_PNW6I/X47_k_bZ-eI/AAAAAAAAAAA/5ggz2Y5lSjIlttE25V1_kitpFF_kvNptACOQCEAE/photo.jpg,Round Table ::: * myContacts,* Gmail,elise.geggis@gmail.com,,,,,,,,,,Mobile,+17046075525,,,,,,,,,,,,,,,,,,,,,,,,,,,,,,,,,,,,,,,,
Ella Fuller,Ella,,Fuller,,,,,,,,,,,,,,,,,,,,,,,,,* myContacts,,,,,,,,,,,,Mobile,+18643854736,,,,,,,,,,,,,,,,,,,,,,,,,,,,,,,,,,,,,,,,
Ella Walker-Henderson,Ella,,Walker-Henderson,,,,,,,,,,,,,,,,,,,,,,,,,* myContacts,,,,,,,,,,,,Main,+18438607676,,,,,,,,,,,,,,,,,,,,,,,,Living Bread,,,,,,,,,,,,,,,,
Ellie Johnson,Ellie,,Johnson,,,,,,,,,,,2004-06-10,,,,,,,,,,,,,,* myContacts,,,,,,,,,,,,,,,,,,,,,,,,,,,,,,,,,,,,,,,,,,,,,,,,,,,,,
Emily Bruce,Emily,,Bruce,,,,,,,,,,,,,,,,,,,,,,,,,* myContacts,* Work,emily.bruce@jacksonmg.com,,,,,,,,,,Mobile,(864) 884-3346â€¬,,,,,,,,,,,,,,,,,,,,,,,,Jackson Marketing Group,,Account Representative,,,,,,,,,,,,,,
Erin Bainton,Erin,,Bainton,,,,,,,,,,,,,,,,,,,,,,,,,* myContacts,* Other,erinsierra@gmail.com,,,,,,,,,,Mobile,(864) 906-1215,,,,,,,,,,,,,,,,,,,,,,,,Radius GVL,,,,,,,,,,,,,,,,
Especially Honda,Especially,,Honda,,,,,,,,,,,,,,,,,,,,,,,,,* myContacts,,,,,,,,,,,,Main,+18642350720,Other,+18644210306,,,,,,,,,,,,,,,,,,,,,,Especially Honda,,,,,,,,,,,,,,,,
,,,,,,,,,,,,,,,,,,,,,,,,,,,https://lh6.googleusercontent.com/-Bc6CJR30rgo/XtU4d7yFS8I/AAAAAAAAAAA/Q0T2EXF8svs7X6NMR6FcYdmX9YyyV22YACOQCEAE/photo.jpg,* myContacts,,,,,,,,,,,,Other,29694,,,,,,,,,,,,,,,,,,,,,,,,Evite,,,,,,,,,,,,,,,,
,,,,,,,,,,,,,,,,,,,,,,,,,,,https://lh3.googleusercontent.com/-Hv507tpBn0U/XxmbXB9dazI/AAAAAAAAAAA/wBn0f4g4Xsw0KbnOPL2-KRXMQ6yizr2XQCOQCEAE/photo.jpg,* myContacts,,,,,,,,,,,,Other,25161 ::: 46339,,,,,,,,,,,,,,,,,,,,,,,,FedEx,,,,,,,,,,,,,,,,
,,,,,,,,,,,,,,,,,,,,,,,,,,,,* myContacts,,,,,,,,,,,,Work,8438382334,,,,,,,,,,,,,,,,,,,,,,,,Fripp Island Security Pin #8110,,,,,,,,,,,,,,,,
Gareth Abels,Gareth,,Abels,,,,,,,,,,,,,,,,,,,,,,,,https://lh6.googleusercontent.com/-wQvNNz_lzZU/Xo9mcd8po6I/AAAAAAAAAAA/KyhBdxwRDR8mjCUQTBXm1yBgeSpDmm_xACOQCEAE/photo.jpg,* myContacts,,,,,,,,,,,,Home,(864) 380-2730,,,,,Address,"127 Broughton Dr 3840
Greenville, SC 29609
US",127 Broughton Dr 3840,Greenville,,SC,29609,US,,,,,,,,,,,,,,,,,,,,,,,,,,,,
Geoffrey Starling,Geoffrey,,Starling,,,,,,,,,,,,,,,,,,,,,,,,https://lh6.googleusercontent.com/-85xCpWyh6i4/Xt6BwWKy3lI/AAAAAAAAAAA/vVIExKct__cKpUorgKatCuB24mav2Ik8gCOQCEAE/photo.jpg,* myContacts,* Home,geoffreystarling@bellsouth.net,,,,,,,,,,Mobile,+18643767454,Work,8644721750,,,Home,"290 E Mountain Creek Rd
Greenville, SC 29609-6703
US",290 E Mountain Creek Rd,Greenville,,SC,29609-6703,US,,,,,,,,,,,,,,,,,,,,,,,,,,,,
Glenn Sarratt,Glenn,,Sarratt,,,,,,,,,,,,,,,,,,,,,,,,https://lh5.googleusercontent.com/-4DVCg8IuUaY/Xo9n-06ulnI/AAAAAAAAAAA/4bHv1Nle2fwx47R3kvqI3Xy9HX9ltq4HQCOQCEAE/photo.jpg,* myContacts,* Home,glennsarratt@gmail.com,,,,,,,,,,Main,8646405944,,,,,,,,,,,,,,,,,,,,,,,,"Carpentry, Plumbing, Electrical, and Sheetrock Repair",,,,,,,,,,,,,,,,
Goodyear (Mauldin),Goodyear,,,,,,,,(Mauldin),,,,,,,,,,,,,,,,,,,* myContacts,,,,,,,,,,,,Main,+18644589441,,,,,,,,,,,,,,,,,,,,,,,,Goodyear (Mauldin),,,,,,,,,,,,,,,,
Google,Google,,,,,,,,,,,,,,,,,,,,,,,,,,https://lh6.googleusercontent.com/-NYnkE4cBUdQ/Xo9mcZS5P4I/AAAAAAAAAAA/EXrtrIGPeUUgYAAAZIbu6ADlSmty48PlwCOQCEAE/photo.jpg,* myContacts,,,,,,,,,,,,Mobile,220-00,Other,+18339020112 ::: +16146954787,,,,,,,,,,,,,,,,,,,,,,Google,,,,,,,,,,,,,,,,
,,,,,,,,,,,,,,,,,,,,,,,,,,,https://lh4.googleusercontent.com/-UKV0fbFUMCU/XvPgFg5a7eI/AAAAAAAAAAA/IAmO04012iAwNyKC5J3H65-sedtWGmFPgCOQCEAE/photo.jpg,* myContacts,,,,,,,,,,,,Mobile,+18647770205,,,,,,,,,,,,,,,,,,,,,,,,Google Voice,,,,,,,,,,,,,,,,
Grace Jordan,Grace,,Jordan,,,,,,,,,,,1998-09-12,,,,,,,,,,,,,https://lh3.googleusercontent.com/-bvs5A9518Nc/Xo9mcZWqBTI/AAAAAAAAAAA/vsesYNMwchsm7iACp71-GPIV0pUXrdmOgCOQCEAE/photo.jpg,* myContacts,,,,,,,,,,,,Home,(864) 907-6088,,,,,,,,,,,,,,,,,,,,,,,,,,,,,,,,,,,,,,,,
Gram,Gram,,,,,,,,,,,,,,,,,,,,,,,,,,,* myContacts,,,,,,,,,,,,Other,(843) 340-8446,,,,,Home,"959 Courtyard Drive
Myrtle Beach, SC 29577
US",959 Courtyard Drive,Myrtle Beach,,SC,29577,US,,,,,,,,,,,,,,,,,,,,,,,,,,,,
Grandmom,Grandmom,,,,,,,,,,,,,1940-12-04,,,,,,,,,,,,,,* myContacts,* Home,springtimers@hotmail.com,,,,,,,,,,Mobile,(864) 426-4126,,,,,Home,"1163 Brown's Creek Church Rd
Union, SC 29379
US",1163 Brown's Creek Church Rd,Union,,SC,29379,US,,,,,,,,,,,,,,,,,,,,,,,,,,,,
Greenville City Inspection,Greenville,City,Inspection,,,,,,,,,,,,,,,,,,,,,,,,,* myContacts,,,,,,,,,,,,Main,+18643607316,,,,,,,,,,,,,,,,,,,,,,,,Greenville City Inspection,,,,,,,,,,,,,,,,
,,,,,,,,,,,,,,,,,,,,,,,,,,,https://lh4.googleusercontent.com/-JjBYQ1s2bys/XtaCcC-9qoI/AAAAAAAAAAA/-I0vLd5qbgIy3e-pgT-0GU8v9bleT5tUQCOQCEAE/photo.jpg,* myContacts,,,,,,,,,,,,Other,8642416000 ::: 72001,,,,,,,,,,,,,,,,,,,,,,,,Greenville Water (Sys),,,,,,,,,,,,,,,,
Greg Fox,Greg,,Fox,,,,,,,,,,,,,,,,,,,,,,,,,* myContacts,,,,,,,,,,,,Main,8643462702,,,,,Home,"209 Meritta Trail
Greenville, SC 29615
United States",209 Meritta Trail,Greenville,,SC,29615,United States,,,,,,,,,,,,,,,,,,,,,,,,,,,,
Greta Fuller,Greta,,Fuller,,,,,,,,,,,,,,,,,,,,,,,,,* myContacts,* Home,gfuller77@hotmail.com,,,,,,,,,,Mobile,(864) 704-4597,Main,8642687957,,,,,,,,,,,,,,,,,,,,,,,,,,,,,,,,,,,,,,
GroupMe,GroupMe,,,,,,,,,,,,,,,,,,,,,,,,,,,* myContacts,,,,,,,,,,,,Mobile,759-73,,,,,,,,,,,,,,,,,,,,,,,,,,,,,,,,,,,,,,,,
Hannah Miller,Hannah,,Miller,,,,,,,,,,,,,,,,,,,,,,,,,* myContacts,,,,,,,,,,,,Mobile,+16787130174,,,,,,,,,,,,,,,,,,,,,,,,,,,,,,,,,,,,,,,,
Hannah Odom,Hannah,,Odom,,,,,,,,,,,,,,,,,,,,,,,,,* myContacts,,,,,,,,,,,,Other,+18644040322,,,,,,,,,,,,,,,,,,,,,,,,,,,,,,,,,,,,,,,,
Home Depot,Home,,Depot,,,,,,,,,,,,,,,,,,,,,,,,https://lh4.googleusercontent.com/-cjWklIx2xBk/Xo9mcd-D8UI/AAAAAAAAAAA/VfS9tlsL5ZwzuzvFc3QXJ7FNCp2PKxRVACOQCEAE/photo.jpg,* myContacts,,,,,,,,,,,,Main,+19094432268,Other,53747,,,,,,,,,,,,,,,,,,,,,,Home Depot,,,,,,,,,,,,,,,,
Hopper,Hopper,,,,,,,,,,,,,,,,,,,,,,,,,,https://lh5.googleusercontent.com/-xRu3j6xepW0/Xo9mcYXclGI/AAAAAAAAAAA/MiegP-YjBMU4Puhe8l2vKG1XMowhz88dQCOQCEAE/photo.jpg,* myContacts,,,,,,,,,,,,Main,+18644385966,,,,,,,,,,,,,,,,,,,,,,,,Hopper,,,,,,,,,,,,,,,,
,,,,,,,,,,,,,,,,,,,,,,,,,,,,* myContacts,,,,,,,,,,,,,,,,,,Home,"P.O. Box 87
Cascade, ID 83611",P.O. Box 87,Cascade,,ID,83611,,,,,,,,,,,,,Idaho Camp,,,,,,,,,,,,,,,,
Intuit,Intuit,,,,,,,,,,,,,,,,,,,,,,,,,,https://lh4.googleusercontent.com/-CMVW4OSvPyA/Xo9mccLbRUI/AAAAAAAAAAA/UWI8N3COUh4GCVP1MPfj3YO17IUcE7EugCOQCEAE/photo.jpg,* myContacts,,,,,,,,,,,,Mobile,888-11,Other,60682,,,,,,,,,,,,,,,,,,,,,,,,,,,,,,,,,,,,,,
Jack Roylston,Jack,,Roylston,,,,,,,,,,,,,,,,,,,,,,Gender: Male,,https://lh6.googleusercontent.com/-gnlGLCE6MOQ/XtAYwRO4vQI/AAAAAAAAAAA/yl1yZSK16BUdXtzfBTGCV07aeyappitHQCOQCEAE/photo.jpg,* myContacts,* Home,jackroylston94@gmail.com,,,,,,,,,,Home,+1 (864) 436-7695,,,,,Home,"112 Lynn Dr
Taylors 29687
US ::: 14049 Scenic Highway Box #190
Lookout Mountain, GA 30750
US ::: 658 Mt Olive Rd
Lookout Mountain
US",112 Lynn Dr ::: 14049 Scenic Highway Box #190 ::: 658 Mt Olive Rd,Taylors ::: Lookout Mountain ::: Lookout Mountain, :::  ::: , ::: GA ::: ,29687 ::: 30750 ::: ,US ::: US ::: US, :::  ::: ,,,,,,,,,,,,,,,,,,,,,,,,,,,
JACKSONMG\caleb.runion,JACKSONMG\caleb.runion,,,,,,,,,,,,,,,,,,,,,,,,,,,* myContacts,,,,,,,,,,,,,,,,,,,,,,,,,,,,,,,,,,,,,,,,,,,,,,,,,,,,,
Jason Gainey,Jason,,Gainey,,,,,,,,,,,,,,,,,,,,,,,,,* myContacts,,,,,,,,,,,,Mobile,+1 (864) 616-5787,,,,,,,,,,,,,,,,,,,,,,,,,,,,,,,,,,,,,,,,
Jay (Summit),Jay,,(Summit),,,,,,,,,,,,,,,,,,,,,,,,,* myContacts,,,,,,,,,,,,Main,(864) 361-9655,,,,,,,,,,,,,,,,,,,,,,,,,,,,,,,,,,,,,,,,
Jeff,Jeff,,,,,,,,,,,,,,,,,,,,,,,,,,,* myContacts,,,,,,,,,,,,Main,+18643043916,,,,,,,,,,,,,,,,,,,,,,,,Tuck & Howell,,,,,,,,,,,,,,,,
Jim Jordan,Jim,,Jordan,,,,,,,,,,,,,,,,,,,,,,,,https://lh4.googleusercontent.com/-Jx8lw-AB4eI/Xo9mcffHXNI/AAAAAAAAAAA/rkPNeRaGCsEWdNoRdTn1q_yeK9TQSQbMwCOQCEAE/photo.jpg,* myContacts,* Other,jimejordan@att.net,,,,,,,,,,Main,864-593-6419,,,,,Home,"108 Royal Oak Court
Greer, SC 29650
US",108 Royal Oak Court,Greer,,SC,29650,US,,,,,,,,,,,,,,,,,,,,,,,,,,,,
John Crawford,John,,Crawford,,,,,,,,,,,,,,,,,,,,,,,,,* myContacts,,,,,,,,,,,,Home,(864) 313-4200,,,,,,,,,,,,,,,,,,,,,,,,,,,,,,,,,,,,,,,,
John Isley,John,,Isley,,,,,,,,,,,,,,,,,,,,,,,,https://lh3.googleusercontent.com/-nuPsnR-8sEo/Xo9mcb6KT8I/AAAAAAAAAAA/ZAFsqu4bhhgpWaiqU7Kv89lfxKixYluBwCOQCEAE/photo.jpg,* myContacts,,,,,,,,,,,,Main,+1 (828) 337-8275,,,,,Home,"22 Doverdale Ct
Greenville, SC 29615
US",22 Doverdale Ct,Greenville,,SC,29615,US,,,,,,,,,,,,,,,,,,,,,,,,,,,,
John Michael Seeley,John Michael,,Seeley,,,,,,,,,,,,,,,,,,,,,,CATEGORIES: Tollison Family,,,* myContacts,,,,,,,,,,,,Mobile,(803) 312-1598,,,,,,,,,,,,,,,,,,,,,,,,,,,,,,,,,,,,,,,,
John Miller,John,,Miller,,,,,,,,,,,,,,,,,,,,,,,,,* myContacts,,,,,,,,,,,,Main,+14047908320,,,,,,,,,,,,,,,,,,,,,,,,,,,,,,,,,,,,,,,,
Johnny Geggis,Johnny,,Geggis,,,,,,,,,,, --08-28,,,,,,,,,,,,,https://lh6.googleusercontent.com/--ezC79BSLrE/Xo9mcZsRqYI/AAAAAAAAAAA/Sc_ZPiL5hts9SzGhAe2Ed7oSB_w032RYwCOQCEAE/photo.jpg,Round Table ::: * myContacts,* Home,geggis@msn.com,Gmail,jgeggis86@gmail.com,,,,,,,,Mobile,864-270-5199,,,,,Home,"127 W Long Creek Ct
Simpsonville, SC 29680
US",127 W Long Creek Ct,Simpsonville,,SC,29680,US,,,,,,,,,,,,Work Smart,,,,,,,,,,,,,,,,
Jon Harris,Jon,,Harris,,,,,,,,,,,,,,,,,,,,,,,,,* myContacts,,,,,,,,,,,,Mobile,803-608-2612,,,,,,,,,,,,,,,,,,,,,,,,,,,,,,,,,,,,,,,,
Jordan Evans,Jordan,,Evans,,,,,,,,,,,,,,,,,,,,,,,,,* myContacts,* Home,jevans104@andersonuniversity.edu,,,,,,,,,,Mobile,(864) 350-1147,Home,(864) 609-0967,,,,,,,,,,,,,,,,,,,,,,,,,,,,,,,,,,,,,,
Josh Branham,Josh,,Branham,,,,,,,,,,,,,,,,,,,,,,,,,* myContacts,* Work,jbranham@greenville.k12.sc.us,,,,,,,,,,,,,,,,,,,,,,,,,,,,,,,,,,,Eastside High School,,,,,,,,,,,,,,,,
Josh Carroll,Josh,,Carroll,,,,,,,,,,,,,,,,,,,,,,,,,* myContacts,,,,,,,,,,,,Mobile,+18645549880,,,,,Home,"Apt 14-O 1175 Haywood rd
Greenville
US",Apt 14-O 1175 Haywood rd,Greenville,,,,US,,,,,,,,,,,,,,,,,,,,,,,,,,,,
Josh Harm,Josh,,Harm,,,,,,,,,,,,,,,,,,,,,,,,,* myContacts,,,,,,,,,,,,Main,5138461186,,,,,,,,,,,,,,,,,,,,,,,,Jackson Marketing Group,,,,,,,,,,,,,,,,
Josh Runion,Josh,,Runion,,,,,,,,,,,2005-04-20,,,,,,,,,,,,,https://lh6.googleusercontent.com/-ryOHQoP3sSs/Xy1SuMroPAI/AAAAAAAAAAA/BZLwfEpL-L49v57hiVtheGj0Y-ybP-C2QCOQCEAE/photo.jpg,Family ::: * myContacts,* Home,josh.and.brody@icloud.com,,,,,,,,,,Mobile,864-678-0972,,,,,Home,"1075 Owens Rd
Greer, SC 29650
US",1075 Owens Rd,Greer,,SC,29650,US,,,,,,,,,,,,,,,,,,,,,,,,,,,,
Justin Bell,Justin,,Bell,,,,,,,,,,,1996-04-19,,,,,,,,,,,Gender: Male,,,* myContacts,* Other,jbell96@charter.net,,,,,,,,,,Mobile,(864) 252-5899,,,,,Home,"112 Chartwell drive
Greenville, SC 29650
US ::: 210 Stoneybrook Rd
Pelzer, SC 29669
US",112 Chartwell drive ::: 210 Stoneybrook Rd,Greenville ::: Pelzer, ::: ,SC ::: SC,29650 ::: 29669,US ::: US, ::: ,Lake House,"233 Lentz Landing Ln
Nebo, NC 28761
US",233 Lentz Landing Ln,Nebo,,NC,28761,US,,,,,,,,,,,,,,,,,,,
Kaley (Kirkwood To Be),Kaley,,(Kirkwood To Be),,,,,,,,,,,,,,,,,,,,,,,,,* myContacts,,,,,,,,,,,,Other,+1 (407) 927-0790,,,,,,,,,,,,,,,,,,,,,,,,,,,,,,,,,,,,,,,,
Kappy,Kappy,,,,,,,,,,,,,,,,,,,,,,,,,,https://lh4.googleusercontent.com/-pwLuZyO04i0/Xo9mcSFbsDI/AAAAAAAAAAA/pfiiR6JCz_Et9hjM2kmLXFnCACtHmaLOgCOQCEAE/photo.jpg,* myContacts,,,,,,,,,,,,Other,+18644195897,,,,,Home,"126 Antiqua Way
Greer, SC 29650
United States",126 Antiqua Way,Greer,,SC,29650,United States,,,,,,,,,,,,,,,,,,,,,,,,,,,,
Kayleigh Sunderman,Kayleigh,,Sunderman,,,,,,,,,,,1995-08-04,,,,,,,,,,,,,https://lh5.googleusercontent.com/-I-us_xuOcds/Xo9n-6kKVJI/AAAAAAAAAAA/DQYqRQfEcS0cxbXaCu6cbm7-m7Mw8Q_mACOQCEAE/photo.jpg,* myContacts,,,,,,,,,,,,Mobile,+1 (704) 465-9744,,,,,,,,,,,,,,,,,,,,,,,,,,,,,,,,,,,,,,,,
Kelley Gamble,Kelley,,Gamble,,,,,,,,,,,,,,,,,,,,,,Gender: Female,,https://lh4.googleusercontent.com/-ixlD0RLqkoI/Xo9mccbvdZI/AAAAAAAAAAA/qDH4YML1fDQKcRc0M3vPPoJbsdgUy2K6QCOQCEAE/photo.jpg,* myContacts,* Home,kells5thompson@gmail.com,,,,,,,,,,Mobile,+1-864-275-8056,,,,,Mom's Place,"300 Hudson Farm Road US
US",300 Hudson Farm Road US,,,,,US,,,,,,,,,,,,,,,,,,,,,,,,,homePage,"http://maps.apple.com/?ll=34.897068,-82.312138&q=34.897068,-82.312138",,
Kelli Besch,Kelli,,Besch,,,,,,,,,,,,,,,,,,,,,,,,,* myContacts,,,,,,,,,,,,Mobile,+15072735436,,,,,,,,,,,,,,,,,,,,,,,,,,,,,,,,,,,,,,,,
Kenny Garner,Kenny,,Garner,,,,,,,,,,,,,,,,,,,,,,,,,* myContacts,,,,,,,,,,,,Mobile,(864) 238-3020,Main,8648487208,,,,,,,,,,,,,,,,,,,,,,,,,,,,,,,,,,,,,,
Kenzie Lusk,Kenzie,,Lusk,,,,,,,,,,,,,,,,,,,,,,,,,* myContacts,,,,,,,,,,,,Mobile,+1 864-561-1793,,,,,,,,,,,,,,,,,,,,,,,,,,,,,,,,,,,,,,,,
Kevin Roddy,Kevin,,Roddy,,,,,,,,,,,,,,,,,,,,,,,,,* myContacts,,,,,,,,,,,,Main,+17143662912,,,,,,,,,,,,,,,,,,,,,,,,,,,,,,,,,,,,,,,,
Kip Callahan,Kip,,Callahan,,,,,,,,,,,,,,,,,,,,,,,,,* myContacts,,,,,,,,,,,,Main,+18643654794,,,,,,,,,,,,,,,,,,,,,,,,,,,,,,,,,,,,,,,,
Larry,Larry,,,,,,,,,,,,,,,,,,,,,,,,,,,* myContacts,,,,,,,,,,,,Mobile,(864) 346-6588,,,,,,,,,,,,,,,,,,,,,,,,ACC HVAC,,,,,,,,,,,,,,,,
Lauren Isely,Lauren,,Isely,,,,,,,,,,,,,,,,,,,,,,,,,* myContacts,,,,,,,,,,,,Home,828-337-8276,,,,,,,,,,,,,,,,,,,,,,,,,,,,,,,,,,,,,,,,
Lauren Ploof,Lauren,,Ploof,,,,,,,,,,,,,,,,,,,,,,,,,* myContacts,,,,,,,,,,,,Mobile,(864) 990-6800,,,,,,,,,,,,,,,,,,,,,,,,IPSCO,,,,,,,,,,,,,,,,
Laurens Electric (Sys),Laurens,,Electric,,,,,,(Sys),,,,,,,,,,,,,,,,,,,* myContacts,,,,,,,,,,,,Main,8646823141,,,,,,,,,,,,,,,,,,,,,,,,Laurens Electric (Sys),,,,,,,,,,,,,,,,
Leah Phillips,Leah,,Phillips,,,,,,,,,,,,,,,,,,,,,,,,,* myContacts,,,,,,,,,,,,Mobile,(864) 561-0146,,,,,,,,,,,,,,,,,,,,,,,,,,,,,,,,,,,,,,,,
LEC,LEC,,,,,,,,,,,,,,,,,,,,,,,,,,https://lh3.googleusercontent.com/-lflxslLyBEw/Xo9mcUXOqXI/AAAAAAAAAAA/-bfAB--c9bIKwbZc97Fh_mOvUT98NjIZQCOQCEAE/photo.jpg,* myContacts,,,,,,,,,,,,Main,52237,,,,,,,,,,,,,,,,,,,,,,,,LEC,,,,,,,,,,,,,,,,
Lee Willey,Lee,,Willey,,,,,,,,,,,,,,,,,,,,,,,,,* myContacts,,,,,,,,,,,,Home,(803) 448-0788,,,,,,,,,,,,,,,,,,,,,,,,,,,,,,,,,,,,,,,,
Luke Black,Luke,,Black,,,,,,,,,,,,,,,,,,,,,,,,https://lh5.googleusercontent.com/-S2eiZtl8JsM/Xo9mcV3k17I/AAAAAAAAAAA/NX_QaS_q5U0udzJQ__EEfu-BO3IxvBZzgCOQCEAE/photo.jpg,* myContacts,,,,,,,,,,,,Mobile,+18645510779,,,,,,,,,,,,,,,,,,,,,,,,Jackson,,,,,,,,,,,,,,,,
Lyft,Lyft,,,,,,,,,,,,,,,,,,,,,,,,,,https://lh3.googleusercontent.com/-e_iq1gLnpK0/Xo9mcWsGndI/AAAAAAAAAAA/bLjxc8chTU4fXMBZvqL5yvk9QjL4bk08ACOQCEAE/photo.jpg,* myContacts,,,,,,,,,,,,Main,+14844063056,,,,,,,,,,,,,,,,,,,,,,,,Lyft,,,,,,,,,,,,,,,,
Lynn Peden,Lynn,,Peden,,,,,,,,,,,1964-09-20,,,,,,,,,,,Gender: Male,,,* myContacts,* Other,lpedenlp@gmail.com,,,,,,,,,,Mobile,+18645619096,,,,,Home,"9 Angie Dr
Taylors, SC
US",9 Angie Dr,Taylors,,SC,,US,,,,,,,,,,,,Lee Road Baptist Church,,,,,,,,,,,,,,,,
Mac Cavin,Mac,,Cavin,,,,,,,,,,,,,,,,,,,,,,,,,* myContacts,,,,,,,,,,,,Main,+18644046747,,,,,,,,,,,,,,,,,,,,,,,,,,,,,,,,,,,,,,,,
Markei Jordan,Markei,,Jordan,,,,,,,,,,,,,,,,,,,,,,,,https://lh6.googleusercontent.com/-qt3iTIDfbs0/X5wMabyIF2I/AAAAAAAAAAA/phreJNkmIpgsZqsBFSbA5zR54diaztdOgCOQCEAE/photo.jpg,* myContacts,* Other,girlilla32@aol.com,,,,,,,,,,Other,8649053407,,,,,,,,,,,,,,,,,,,,,,,,,,,,,,,,,,,,,,,,
Mary Bauh,Mary,,Bauh,,,,,,,,,,,,,,,,,,,,,,,,,* myContacts,,,,,,,,,,,,Mobile,+1 386-453-1064,,,,,,,,,,,,,,,,,,,,,,,,,,,,,,,,,,,,,,,,
Matt Bainton,Matt,,Bainton,,,,,,,,,,,,,,,,,,,,,,Gender: Male,,,* myContacts,* Home,thebaint@gmail.com,,,,,,,,,,Mobile,(803) 546-1452,,,,,,,,,,,,,,,,,,,,,,,,Radius Greenville,,,,,,,,,,,,,,,,
Matt Johnson,Matt,,Johnson,,,,,,,,,,,1980-12-05,,,,,,,,,,,,,https://lh3.googleusercontent.com/-ryy-uXa1MZs/X2DtVwLDaqI/AAAAAAAAAAA/D7DkhdIhFdcSmakX4D-DvXNGE76KmctcACOQCEAE/photo.jpg,* myContacts,* Other,workwelljohnson@gmail.com,,,,,,,,,,Mobile,8644496471,,,,,Home,"209 Oregon St
Greenville, SC 29605
US",209 Oregon St,Greenville,,SC,29605,US,,,,,,,,,,,,,,,,,,,,,,,,,,,,
Matt Tollison,Matt,,Tollison,,,,,,,,,,,,,,,,,,,,,,CATEGORIES: Tollison Family,,,* myContacts,* Home,matttollison@hotmail.com,,,,,,,,,,Mobile,(864) 630-9707,Work,+1 (704) 953-2912,,,,,,,,,,,,,,,,,,,,,,,,,,,,,,,,,,,,,,
Max Espinosa,Max,,Espinosa,,,,,,,,,,,,,,,,,,,,,,,,,* myContacts,,,,,,,,,,,,Other,8645538962,,,,,,,,,,,,,,,,,,,,,,,,Masonry,,,,,,,,,,,,,,,,
Megan Johnson,Megan,,Johnson,,,,,,,,,,,1980-09-16,,,,,,,,,,,,,https://lh5.googleusercontent.com/-uOut8xMNvvc/Xo9mcUnUBsI/AAAAAAAAAAA/uxtecprjdTUsYyMS9gU2MEs375iRUV_TgCOQCEAE/photo.jpg,* myContacts,* Other,fascinatingwoman@hotmail.com,,,,,,,,,,Other,+18644770941,,,,,,,,,,,,,,,,,,,,,,,,,,,,,,,,,,,,,,,,
Merle Glick,Merle,,Glick,,,,,,,,,,,,,,,,,,,,,,,,,* myContacts,* Other,mglick@tctc.edu,,,,,,,,,,,,,,,,,,,,,,,,,,,,,,,,,,,TCTC Prof,,,,,,,,,,,,,,,,
Micah Moeller,Micah,,Moeller,,,,,,,,,,,,,,,,,,,,,,,,,* myContacts,,,,,,,,,,,,Mobile,+1 864-991-6319,,,,,,,,,,,,,,,,,,,,,,,,Jackson Marketing Group,,,,,,,,,,,,,,,,
Micah Taylor,Micah,,Taylor,,,,,,,,Micah,,,,,,,,,,,,,,Gender: Male,,https://lh5.googleusercontent.com/-TUmVDPNhSDU/Xo9n-5zaL8I/AAAAAAAAAAA/c08M5Ie5EGwgU6TItDKGyZc27ZIoAO25ACOQCEAE/photo.jpg,* myContacts,* Home,cmicahtaylor@gmail.com,,,,,,,,,,Mobile,(864) 360-6246,,,,,,,,,,,,,,,,,,,,,,,,,,,,,,,,,,,,,,,,
Michael Bucshe,Michael,,Bucshe,,,,,,,,,,,,,,,,,,,,,,,,,* myContacts,,,,,,,,,,,,Main,+18643576521,,,,,,,,,,,,,,,,,,,,,,,,,,,,,,,,,,,,,,,,
Michael Smith,Michael,,Smith,,,,,,,,,,,1987-03-02,,,,,,,,,,,,,https://lh4.googleusercontent.com/-T5YTlKZzu3M/Xo9n-5iFK1I/AAAAAAAAAAA/kI9h7hdYE8YFjluAkwFTjKByMjP6BA-cQCOQCEAE/photo.jpg,Round Table ::: * myContacts,* Other,howtoquestionwhy@gmail.com,,,,,,,,,,Mobile,+1 (803) 920-8128,,,,,Home,"102 LaPort Dr
Mauldin, SC 29662
US",102 LaPort Dr,Mauldin,,SC,29662,US,,,,,,,,,,,,,,,,,,,,,,,,,,,,
Mike Stalnaker,Mike,,Stalnaker,,,,,,,,,,,,,,,,,,,,,,,,,* myContacts,* Home,mikestalnaker@hotmail.com,,,,,,,,,,Mobile,+18644262667,,,,,,,,,,,,,,,,,,,,,,,,,,,,,,,,,,,,,homePage,fb://profile/1138475289,,
Millie Hammond,Millie,,Hammond,,,,,,,,,,,1977-08-04,,,,,,,,,,,,,,* myContacts,* Home,cliffandmilliehammond@gmail.com,,,,,,,,,,Mobile,864-640-6862,Home,(864) 879-3835,,,,,,,,,,,,,,,,,,,,,,,,,,,,,,,,,,,,,,
Millie Runion,Millie,,Runion,,,,,,,,,,,,,,,,,,,,,,,,,* myContacts,,,,,,,,,,,,Main,+18646406862,,,,,,,,,,,,,,,,,,,,,,,,,,,,,,,,,,,,,,,,
Mitch Miller,Mitch,,Miller,,,,,,,,,,,,,,,,,,,,,,,,,* myContacts,* Other,mitch@mitchmiller.me,,,,,,,,,,Mobile,+12067349811,,,,,,,,,,,,,,,,,,,,,,,,Grace Church,,Student Minister,,,,,,,,,,,homePage,www.mitchmiller.me ::: www.twitter.com/mitchmillerme,,
Mom,Mom,,,,,,,,,,,,,1970-09-05,,,,,,,,,,,,,https://lh6.googleusercontent.com/-Tmc9z7qMTXU/Xud1US71zBI/AAAAAAAAAAA/cPUXsFMx0wY4HAs97v9P9WdtCpcdMXzHgCOQCEAE/photo.jpg,* myContacts,* Gmail,crystal.s.runion@gmail.com,,,,,,,,,,Other,+18649017410,,,,,,,,,,,,,,,,,,,,,,,,,,,,,,,,,,,,,,,Anniversary,1992-08-08
Natalie Runion,Natalie,,Runion,,,,,,,,,,,,,,,,,,,,,,,,,* myContacts,* Other,nataliebrunion@aol.com,,,,,,,,,,Main,8642756032,Other,+18642756032,,,,,,,,,,,,,,,,,,,,,,,,,,,,,,,,,,,,,,
Nate Heffington,Nate,,Heffington,,,,,,,,,,,,,,,,,,,,,,,,,* myContacts,* Other,nathan.heffington@gmail.com,,,,,,,,,,Mobile,8644230621,,,,,,,,,,,,,,,,,,,,,,,,,,,,,,,,,,,,,,,,
Nate Mylander,Nate,,Mylander,,,,,,,,,,,,,,,,,,,,,,,,https://lh3.googleusercontent.com/-2-5JkTSWENc/Xo9mcfPi5_I/AAAAAAAAAAA/gXAhSW7Asuw18cjkOS-p2nPJhxRkGZQ1gCOQCEAE/photo.jpg,* myContacts,* Home,ndmvideos@gmail.com,,,,,,,,,,Mobile,+18645468234,,,,,,,,,,,,,,,,,,,,,,,,,,,,,,,,,,,,,,,,
Nate Ray,Nate,,Ray,,,,,,,,,,,,,,,,,,,,,,,,,* myContacts,* Home,nathaniel.n.ray@gmail.com,,,,,,,,,,Main,+1 (407) 716-9845,,,,,Home,"2824 wild tamarind Blvd.
Orlando, FL 32828
US",2824 wild tamarind Blvd.,Orlando,,FL,32828,US,,,,,,,,,,,,,,,,,,,,,,,,,,,,
Nathan Jackson,Nathan,,Jackson,,,,,,,,,,,1985-11-19,,,,,,,,,,,,,,Round Table ::: * myContacts,* Gmail,njackson406@gmail.com,,,,,,,,,,Other,+18649019537,,,,,,,,,,,,,,,,,,,,,,,,,,,,,,,,,,,,,,,,
Neil Gamble,Neil,,Gamble,,,,,,,,,,,,,,,,,,,,,,Gender: Male,,https://lh5.googleusercontent.com/-B3sjLKAf8tQ/Xx3Q1bXWyXI/AAAAAAAAAAA/yC63bl9JBEsgbkvdsO2AcTY6gp1lZFP5gCOQCEAE/photo.jpg,* myContacts,iCloud,neilgamble95@gmail.com,* clemson,nagambl@clemson.edu,,,,,,,,Mobile,(864) 404-5949,,,,,Home,"405 Dewy Meadows Dr
Taylors, SC 29687
United States",405 Dewy Meadows Dr,Taylors,,SC,29687,United States,,,,,,,,,,,,,,,,,,,,,,,,,,,,
Newton,Newton,,,,,,,,,,,,,,,,,,,,,,,,,,https://lh4.googleusercontent.com/-PGDKWYdyXuM/Xt6AoxUOeaI/AAAAAAAAAAA/KPHtV9-mDwYh9CvQrcabblK7cPla0hBKQCOQCEAE/photo.jpg,* myContacts,,,,,,,,,,,,Mobile,+1 971-264-2475,,,,,,,,,,,,,,,,,,,,,,,,,,,,,,,,,,,,,,,,
Nicole Smith,Nicole,,Smith,,,,,,,,,,,,,,,,,,,,,,,,,* myContacts,,,,,,,,,,,,Mobile,+1 770-715-8184,,,,,,,,,,,,,,,,,,,,,,,,,,,,,,,,,,,,,,,,
Nyleen Perez,Nyleen,,Perez,,,,,,,,,,,,,,,,,,,,,,,,,* myContacts,,,,,,,,,,,,Other,+18647217290,,,,,,,,,,,,,,,,,,,,,,,,,,,,,,,,,,,,,,,,
Papa Jordan,Papa,,Jordan,,,,,,,,,,,,,,,,,,,,,,,,,* myContacts,* Home,creeklife2@aol.com,,,,,,,,,,Home,(843) 651-4908,Other,+18433406426,,,Home,"5060 Spanish Oaks Ct
Murrells Inlet, SC 29576
US",5060 Spanish Oaks Ct,Murrells Inlet,,SC,29576,US,,,,,,,,,,,,,,,,,,,,,,,,,,,,
Papa Wayne,Papa Wayne,,,,,,,,,,,,,,,,,,,,,,,,,,,* myContacts,,,,,,,,,,,,Main,+18644267707,,,,,,,,,,,,,,,,,,,,,,,,,,,,,,,,,,,,,,,,
Paul Hanna,Paul,,Hanna,,,,,,,,,,,,,,,,,,,,,,,,,* myContacts,,,,,,,,,,,,Other,+1 (864) 420-5872,,,,,,,,,,,,,,,,,,,,,,,,Jackson Marketing,,,,,,,,,,,,,,,,
PayPal,PayPal,,,,,,,,,,,,,,,,,,,,,,,,,,https://lh3.googleusercontent.com/-0AzGAtZo-6A/Xo9n-5EQufI/AAAAAAAAAAA/oIfon43DaGwO2ACx5A5zh8wsN2FpTeWPwCOQCEAE/photo.jpg,* myContacts,,,,,,,,,,,,Main,729725,,,,,,,,,,,,,,,,,,,,,,,,PayPal,,,,,,,,,,,,,,,,
Rachel Jackson,Rachel,,Jackson,,,,,,,,,,,1985-12-02,,,,,,,,,,,,,,Round Table ::: * myContacts,* Gmail,rachel.sims90@gmail.com,,,,,,,,,,Mobile,(864) 640-3129,,,,,,,,,,,,,,,,,,,,,,,,,,,,,,,,,,,,,,,,
Rhomy Oherig,Rhomy,,Oherig,,,,,,,,,,,,,,,,,,,,,,Gender: Female,,,* myContacts,* Home,rmoehrig@gmail.com,,,,,,,,,,Mobile,+18644217825,,,,,Home,"116 Glades Court
Taylors, SC 29687
US",116 Glades Court,Taylors,,SC,29687,US,,,,,,,,,,,,,,,,,,,,,,,,,,,,
Richard Johnson,Richard,,Johnson,,,,,,,,,,,,,,,,,,,,,,,,https://lh6.googleusercontent.com/-5Uxi_2FRoHQ/XslhIKMAwiI/AAAAAAAAAAA/i06LS53FmzowBeDOXkk_lqVgmYCIwWEMgCOQCEAE/photo.jpg,* myContacts,,,,,,,,,,,,Mobile,8644303665,,,,,,,,,,,,,,,,,,,,,,,,,,,,,,,,,,,,,,,,
Rob Henderson,Rob,,Henderson,,,,,,,,,,,,,,,,,,,,,,,,,* myContacts,,,,,,,,,,,,Mobile,(814) 964-0847,,,,,,,,,,,,,,,,,,,,,,,,,,,,,,,,,,,,,,,,
Robert Gonzalas,Robert,,Gonzalas,,,,,,,,,,,,,,,,,,,,,,,,,* myContacts,,,,,,,,,,,,Main,+18643710887,,,,,,,,,,,,,,,,,,,,,,,,,,,,,,,,,,,,,,,,
Robert Lee Storey,Robert Lee,,Storey,,,,,,,,,,,1996-02-05,,,,,,,,,,,,,,* myContacts,iCloud,robertleestorey@gmail.com,* Work,rlstore@clemson.edu,,,,,,,,Mobile,+1 (864) 941-2006,,,,,Home,"28 Blair St
Greenville, SC 29607
US",28 Blair St,Greenville,,SC,29607,US,,,,,,,,,,,,,,,,,,,,,,,,,,,,
Robin Jordan,Robin,,Jordan,,,,,,,,,,,1968-10-12,,,,,,,,,,,,,https://lh4.googleusercontent.com/-K4pDfggXzlI/Xo9mcdx7PII/AAAAAAAAAAA/xlwomR9nQxAdodLMr7FYc_SM9X-EN5RoQCOQCEAE/photo.jpg,* myContacts,,,,,,,,,,,,Mobile,(864) 320-4547,,,,,,,,,,,,,,,,,,,,,,,,,,,,,,,,,,,,,,,,
Robinson Family Jewelers,Robinson,Family,Jewelers,,,,,,,,,,,,,,,,,,,,,,,,,* myContacts,,,,,,,,,,,,Main,+18642971461,,,,,,,,,,,,,,,,,,,,,,,,Robinson Family Jewelers,,,,,,,,,,,,,,,,
Robyn Miller,Robyn,,Miller,,,,,,,,,,,,,,,,,,,,,,Gender: Female,,,* myContacts,* Home,robyn@robynemiller.com,Work,rmiller@limestone.edu,Home,robyn@robynemiller.com,Other,robynemiller@gmail.com,,,,Home,(864) 787-4698,,,,,Home,"12B Oakhurst Ave
Greenville, SC 29609
US",12B Oakhurst Ave,Greenville,,SC,29609,US,,,,,,,,,,,,,,,,,,,,,,,,,,,,
Ron Moade,Ron,,Moade,,,,,,,,,,,,,,,,,,,,,,,,,* myContacts,,,,,,,,,,,,Main,+18649794887,,,,,,,,,,,,,,,,,,,,,,,,,,,,,,,,,,,,,,,,
Ryan Donell,Ryan,,Donell,,,,,,,,,,,,,,,,,,,,,,Gender: Male,,,* myContacts,* Other,rdonell@gracechurchsc.org,,,,,,,,,,Mobile,(864) 238-0388,,,,,Home,"120 Burlington Ave
Greer, SC 29650
US",120 Burlington Ave,Greer,,SC,29650,US,,,,,,,,,,,,Grace Church,,Minister of Worship & Research,,,,,,,,,,,,,,
Ryan McAllen,Ryan,,McAllen,,,,,,,,,,,,,,,,,,,,,,,,https://lh5.googleusercontent.com/-7tFrfn0XiNc/X234iiGRTOI/AAAAAAAAAAA/1EpgT9OUPYAz4XxyrC2HX-LJ9SWpHyVnwCOQCEAE/photo.jpg,* myContacts,,,,,,,,,,,,Mobile,(864) 420-6767,,,,,,,,,,,,,,,,,,,,,,,,,,,,,,,,,,,,,,,,
Sam Lopane,Sam,,Lopane,,,,,,,,,,,,,,,,,,,,,,,,,* myContacts,* Other,slopane@clemson.edu,,,,,,,,,,Mobile,+1 (704) 918-3800,,,,,,,,,,,,,,,,,,,,,,,,Clemson University,,,,,,,,,,,,,,,,
Sam Oehrig,Sam,,Oehrig,,,,,,,,,,,,,,,,,,,,,,,,,* myContacts,* Home,lakewhittaker3@gmail.com,,,,,,,,,,,,,,,,,,,,,,,,,,,,,,,,,,,,,,,,,,,,,,,,,,,
Samuel Ohrig,Samuel,,Ohrig,,,,,,,,,,,,,,,,,,,,,,,,,* myContacts,,,,,,,,,,,,Mobile,+1 864-325-1872,,,,,,,,,,,,,,,,,,,,,,,,,,,,,,,,,,,,,,,,
Sarah Mitchell,Sarah,,Mitchell,,,,,,,,,,,,,,,,,,,,,,Gender: Female,,,* myContacts,* Other,sarah@radiusgreenville.org,Other,shesamitchell@gmail.com,,,,,,,,Mobile,+18644779614,,,,,Home,"204 W Decatur Street
Greenville, SC 29617
US ::: Greenville, SC
US",204 W Decatur Street ::: ,Greenville ::: Greenville, ::: ,SC ::: SC,29617 ::: ,US ::: US, ::: ,,,,,,,,,,,,,,,,,,,,,,,,,,,
Scott Kaylor,Scott,,Kaylor,,,,,,,,,,,,,,,,,,,,,,,,,* myContacts,,,,,,,,,,,,Main,+19193584102,,,,,,,,,,,,,,,,,,,,,,,,PT,,,,,,,,,,,,,,,,
ServiceTitan,ServiceTitan,,,,,,,,,,,,,,,,,,,,,,,,,,,* myContacts,,,,,,,,,,,,Main,8445679222,,,,,,,,,,,,,,,,,,,,,,,,ServiceTitan,,,,,,,,,,,,,,,,
Seth Anderson,Seth,,Anderson,,,,,,,,,,,1985-01-25,,,,,,,,,,,,,https://lh4.googleusercontent.com/-7sc2ZvP74vU/Xt6CHTa0vnI/AAAAAAAAAAA/ottk05MLzcwxRjQr7Aghs1tkVD6WnSCRACOQCEAE/photo.jpg,Round Table ::: * myContacts,* Other,anderson.seth65@gmail.com,,,,,,,,,,Mobile,9103846343,,,,,,,,,,,,,,,,,,,,,,,,,,,,,,,,,,,,,,,,
Seth Harkins,Seth,,Harkins,,,,,,,,,,,,,,,,,,,,,,,,,* myContacts,,,,,,,,,,,,Mobile,9015916283,,,,,,,,,,,,,,,,,,,,,,,,,,,,,,,,,,,,,,,,
Seth Spearman,Seth,,Spearman,,,,,,,,,,,,,,,,,,,,,,Gender: Male,,,* myContacts,* Other,sethspearman@gmail.com,Other,seth@sethspearman.com ::: sspearman@upward.org ::: sethspearman@charter.net,,,,,,,,Mobile,864-907-5904,,,,,,,,,,,,,,,,,,,,,,,,,,,,,,,,,,,,,homePage,http://www.spearsofttech.com ::: http://www.facebook.com/seth.spearman,,
Shawn Garzony,Shawn,,Garzony,,,,,,,,,,,,,,,,,,,,,,,,,* myContacts,,,,,,,,,,,,Main,+18647046469,,,,,,,,,,,,,,,,,,,,,,,,,,,,,,,,,,,,,,,,
,,,,,,,,,,,,,,,,,,,,,,,,,,,,* myContacts,,,,,,,,,,,,Pelham,(864) 991-8748,Other,+16173973228,,,,,,,,,,,,,,,,,,,,,,Sidewall Pizza,,,,,,,,,,,,,,,,
Spectrum,Spectrum,,,,,,,,,,,,,,,,,,,,,,,,,,https://lh5.googleusercontent.com/-hLTFuGHyXNo/Xo9n-8PaAmI/AAAAAAAAAAA/GMlkoa1JSmMXVlmYlbXIgJ9CeRwqRZIugCOQCEAE/photo.jpg,* myContacts,,,,,,,,,,,,Main,+18557077328,Other,+18648877149 ::: 87598,,,,,,,,,,,,,,,,,,,,,,Spectrum,,,,,,,,,,,,,,,,
Sprint,Sprint,,,,,,,,,,,,,,,,,,,,,,,,,,https://lh5.googleusercontent.com/-buFgEUaUkQM/Xo9n-5nWblI/AAAAAAAAAAA/ZG8G9h9jFg8lBOSXoS6Q1fiGYfQIg6PsACOQCEAE/photo.jpg,* myContacts,,,,,,,,,,,,Other,9329 ::: 1011,,,,,,,,,,,,,,,,,,,,,,,,Sprint,,,,,,,,,,,,,,,,
Square,Square,,,,,,,,,,,,,,,,,,,,,,,,,,https://lh4.googleusercontent.com/-wRbQRlUcrtc/Xo9n-4C1VWI/AAAAAAAAAAA/4m1gQD5JDTo-dqj6vhgr5PVmf39VW23qgCOQCEAE/photo.jpg,* myContacts,,,,,,,,,,,,Other,+1 (833) 259-0342 ::: 8443445103 ::: 8443471089 ::: 8443451126 ::: 8443471359,,,,,,,,,,,,,,,,,,,,,,,,Square,,,,,,,,,,,,,,,,
Staci Bellamy,Staci,,Bellamy,,,,,,,,,,,,,,,,,,,,,,,,,* myContacts,,,,,,,,,,,,Mobile,(843) 222-9449,,,,,,,,,,,,,,,,,,,,,,,,,,,,,,,,,,,,,,,,
Starbucks,Starbucks,,,,,,,,,,,,,,,,,,,,,,,,,,https://lh6.googleusercontent.com/-tDuhoFVmvOI/Xo9n-6OHPuI/AAAAAAAAAAA/UPApqprFEG8CRVvEQsA_n10NjLntATNvACOQCEAE/photo.jpg,* myContacts,,,,,,,,,,,,Main,81722,,,,,,,,,,,,,,,,,,,,,,,,Starbucks,,,,,,,,,,,,,,,,
Stephen Henderson,Stephen,,Henderson,,,,,,,,,,,,,,,,,,,,,,,,,* myContacts,,,,,,,,,,,,Main,+18647528997,,,,,,,,,,,,,,,,,,,,,,,,,,,,,,,,,,,,,,,,
Steve Hester,Steve,,Hester,,,,,,,,,,,,,,,,,,,,,,,,,* myContacts,,,,,,,,,,,,Mobile,(864) 979-8120,,,,,,,,,,,,,,,,,,,,,,,,,,,,,,,,,,,,,,,,
Stuart Fuller,Stuart,,Fuller,,,,,,,,,,,,,,,,,,,,,,,,,* myContacts,* Work,stuart@radiusgreenville.org,,,,,,,,,,Mobile,(864) 787-3729,,,,,,,,,,,,,,,,,,,,,,,,,,,,,,,,,,,,,,,,
Sue Scott,Sue,,Scott,,,,,,,,,,,,,,,,,,,,,,,,,* myContacts,,,,,,,,,,,,Main,+18649066024,,,,,Home,"136 Hosta Ln
Easley, SC 29642",136 Hosta Ln,Easley,,SC,29642,,,,,,,,,,,,,,,,,,,,,,,,,,,,,
Sydney Gilstrap,Sydney,,Gilstrap,,,,,,,,,,,,,,,,,,,,,,,,,Round Table ::: * myContacts,,,,,,,,,,,,Mobile,(336) 404-5730,,,,,,,,,,,,,,,,,,,,,,,,,,,,,,,,,,,,,,,,
T-Grille,T-Grille,,,,,,,,,,,,,,,,,,,,,,,,,,,* myContacts,,,,,,,,,,,,Mobile,737-52,,,,,,,,,,,,,,,,,,,,,,,,T-Grille,,,,,,,,,,,,,,,,
Tait Harroway,Tait,,Harroway,,,,,,,,,,,,,,,,,,,,,,,,,* myContacts,,,,,,,,,,,,Main,+18646308069,,,,,,,,,,,,,,,,,,,,,,,,Radius,,,,,,,,,,,,,,,,
Tania Reyes,Tania,,Reyes,,,,,,,,,,,,,,,,,,,,,,,,,* myContacts,,,,,,,,,,,,Mobile,+19156941784,,,,,,,,,,,,,,,,,,,,,,,,Jackson Marketing Group,,,,,,,,,,,,,,,,
Tess Russell,Tess,,Russell,,,,,,,,,,,,,,,,,,,,,,,,,* myContacts,,,,,,,,,,,,Mobile,(864) 386-6075,,,,,,,,,,,,,,,,,,,,,,,,,,,,,,,,,,,,,,,,
Tim Cheek,Tim,,Cheek,,,,,,,,,,,,,,,,,,,,,,,,,* myContacts,* Other,tdcheek@hotmail.com,,,,,,,,,,Mobile,2057577687,,,,,Home,"133 Woodbury Dr
Sterrett, AL 35147
US",133 Woodbury Dr,Sterrett,,AL,35147,US,,,,,,,,,,,,,,,,,,,,,,,,,,,,
Tire Dude,Tire Dude,,,,,,,,,,,,,,,,,,,,,,,,,,,* myContacts,,,,,,,,,,,,Other,+18646504247,,,,,,,,,,,,,,,,,,,,,,,,Jackson,,,,,,,,,,,,,,,,
Toni Aversa,Toni,,Aversa,,,,,,,,,,,,,,,,,,,,,,,,,* myContacts,,,,,,,,,,,,Main,+18032608060,,,,,,,,,,,,,,,,,,,,,,,,,,,,,,,,,,,,,,,,
Travis Runion,Travis,,Runion,,,,,,,,Dad,,,1970-12-05,,,,,,,,,,,,,https://lh3.googleusercontent.com/-hC1FkU_MN64/X57exsE-gvI/AAAAAAAAAAA/OYZva6dGNn8vXYEx2yS2zESgm1fQAlJpwCOQCEAE/photo.jpg,* myContacts,* Other,travisrunion@gmail.com,,,,,,,,,,Mobile,(864) 320-4661,,,,,Home,"1075 Owens Road
Greer, SC 29651
US",1075 Owens Road,Greer,,SC,29651,US,,,,,,,,,,,,,,,,,,,,,,,,,homePage,http://travisrunion.com ::: http://vimeo.com/user1396247,,
Tripp Braxton,Tripp,,Braxton,,,,,,,,,,,,,,,,,,,,,,,,,* myContacts,,,,,,,,,,,,Android,(803) 479-2477,,,,,,,,,,,,,,,,,,,,,,,,,,,,,,,,,,,,,,,,
Tuck & Howell,Tuck & Howell,,,,,,,,,,,,,,,,,,,,,,,,,,https://lh5.googleusercontent.com/-EtTcPT0D-Iw/Xo9n-6pyl_I/AAAAAAAAAAA/imjMNYCBXrQcDtW0NZbPW-zdul1c45gfwCOQCEAE/photo.jpg,* myContacts,* Home,jpmcconnell@tuckandhowell.com,,,,,,,,,,Mobile,(864) 304-3916,otherFax,(864) 334-4555,Home,(864) 879-7227,,,,,,,,,,,,,,,,,,,,Tuck & Howell,,,,,,,,,,,,,,,,
,,,,,,,,,,,,,,,,,,,,,,,,,,,,* myContacts,,,,,,,,,,,,Mobile,40404,,,,,,,,,,,,,,,,,,,,,,,,Twitter,,,,,,,,,,,,,,,,
Tyler Graham,Tyler,,Graham,,,,,,,,,,,,,,,,,,,,,,,,,* myContacts,,,,,,,,,,,,Mobile,+1 (864) 640-9834,,,,,Other,"202 Murphy Ln
Greenville, SC 29607-4934
US",202 Murphy Ln,Greenville,,SC,29607-4934,US,,,,,,,,,,,,,,,,,,,,,,,,,,,,
Tyler Johnson,Tyler,,Johnson,,,,,,,,,,,,,,,,,,,,,,,,,* myContacts,,,,,,,,,,,,Home,(706) 340-4691,,,,,,,,,,,,,,,,,,,,,,,,,,,,,,,,,,,,,,,,
,,,,,,,,,,,,,,,,,,,,,,,,,,,https://lh6.googleusercontent.com/-S4IAWDyLyWU/X2zRCly_NDI/AAAAAAAAAAA/sSwkoX9mIUoTdcB8YXWLru5oXoD_eGFLgCOQCEAE/photo.jpg,* myContacts,,,,,,,,,,,,Other,69877,,,,,,,,,,,,,,,,,,,,,,,,UPS,,,,,,,,,,,,,,,,
USPS,USPS,,,,,,,,,,,,,,,,,,,,,,,,,,https://lh4.googleusercontent.com/-pTUTGXrOz_I/Xo9n-_xhbCI/AAAAAAAAAAA/wen9xPeK4VYf1_AYtqyk2lFboBnc8A5SwCOQCEAE/photo.jpg,* myContacts,,,,,,,,,,,,Mobile,287-77,,,,,,,,,,,,,,,,,,,,,,,,,,,,,,,,,,,,,,,,
Valerie Harris,Valerie,,Harris,,,,,,,,,,,,,,,,,,,,,,,,,* myContacts,,,,,,,,,,,,Mobile,+1 864-908-8710,,,,,,,,,,,,,,,,,,,,,,,,,,,,,,,,,,,,,,,,
Venmo,Venmo,,,,,,,,,,,,,,,,,,,,,,,,,,https://lh5.googleusercontent.com/-KMB1Inn2qPU/Xo9n-3MK5fI/AAAAAAAAAAA/mYfsea8Fo1QnNBi8mkJ8ro88Dt-Pm-O-QCOQCEAE/photo.jpg,* myContacts,,,,,,,,,,,,Mobile,867-53,,,,,,,,,,,,,,,,,,,,,,,,,,,,,,,,,,,,,,,,
Walker Pest,Walker,,Pest,,,,,,,,,,,,,,,,,,,,,,,,,* myContacts,* Other,scheduling@walkerpestmanagement.com,,,,,,,,,,Main,+18646031404,,,,,,,,,,,,,,,,,,,,,,,,Walker Pest,,,,,,,,,,,,,,,,
Wes Fry,Wes,,Fry,,,,,,,,,,,,,,,,,,,,,,,,,* myContacts,,,,,,,,,,,,Main,(864) 607-4672,,,,,,,,,,,,,,,,,,,,,,,,,,,,,,,,,,,,,,,,
Whitner Mills,Whitner,,Mills,,,,,,,,,,,,,,,,,,,,,,,,https://lh6.googleusercontent.com/-aqFZ9q_75QI/X0FNz7nNZWI/AAAAAAAAAAA/8tuGW0LjnTE_YwNf3EsXRkV4_yi7rfhPgCOQCEAE/photo.jpg,* myContacts,* Home,whitnermills@gmail.com,,,,,,,,,,Mobile,(864) 609-7705,Home,(864) 848-1873,,,Home,"144 Fernwood Ln
Greenville, SC 29607
US",144 Fernwood Ln,Greenville,,SC,29607,US,,,,,,,,,,,,,,,,,,,,,,,,,,,,
Wife,Wife,,,,,,,,,,,,,1995-12-03,,,,,,,,,,,Mary Frances Runion,,https://lh6.googleusercontent.com/-kYKhQIXMd8s/Xy8IMbFFcFI/AAAAAAAAAAA/Cr1XOYneqpUnZgywgf14kdY--b57AFQygCOQCEAE/photo.jpg,Round Table ::: * myContacts,* Gmail,mfjrunion@gmail.com,,,,,,,,,,Mobile,+1 (864) 907-3516,,,,,,,,,,,,,,,,,,,,,,,,,,,,,,,,,,,,,,,,
Will Caswell,Will,,Caswell,,,,,,,,,,,,,,,,,,,,,,,,,* myContacts,,,,,,,,,,,,Mobile,+18434213509,,,,,,,,,,,,,,,,,,,,,,,,FCA,,,,,,,,,,,,,,,,
Will Kabrich,Will,,Kabrich,,,,,,,,,,,,,,,,,,,,,,,,,* myContacts,,,,,,,,,,,,Main,+13364307692,,,,,,,,,,,,,,,,,,,,,,,,,,,,,,,,,,,,,,,,
Will Logan,Will,,Logan,,,,,,,,,,,,,,,,,,,,,,,,,* myContacts,,,,,,,,,,,,Main,+18643731012,,,,,,,,,,,,,,,,,,,,,,,,,,,,,,,,,,,,,,,,
Will Shurtz,Will,,Shurtz,,,,,,,,,,,,,,,,,,,,,,,,,* myContacts,,,,,,,,,,,,Mobile,(864) 884-9704,,,,,,,,,,,,,,,,,,,,,,,,,,,,,,,,,,,,,,,,
Zach Kirkwood,Zach,,Kirkwood,,,,,,,,,,,1998-10-30,,,,,,,,,,,Gender: Male,,,* myContacts,* Other,Zacharykirkwood1998@yahoo.com,,,,,,,,,,Mobile,+18644192568,,,,,Home,"104 cassette court
Greer, SC
US ::: Greenville, SC
US ::: 104 cassette court
Greer, SC
US",104 cassette court :::  ::: 104 cassette court,Greer ::: Greenville ::: Greer, :::  ::: ,SC ::: SC ::: SC, :::  ::: ,US ::: US ::: US, :::  ::: ,Anderson (Y1),"316 boulevard
Anderson, SC
US",316 boulevard,Anderson,,SC,,US,,,,,,,,,,,,,,,,,,,
Zach Peden,Zach,,Peden,,,,,,,,,,,,,,,,,,,,,,,,,* myContacts,,,,,,,,,,,,Main,+18644858835,,,,,,,,,,,,,,,,,,,,,,,,,,,,,,,,,,,,,,,,
Zach Smith,Zach,,Smith,,,,,,,,,,,,,,,,,,,,,,,,https://lh5.googleusercontent.com/-z4OYh7RkIHQ/Xo9n-zL-AII/AAAAAAAAAAA/Ofgva2SPEUsDKMet8RrRqB21VW_E6FOdgCOQCEAE/photo.jpg,* myContacts,,,,,,,,,,,,Main,+18282912471,,,,,Home,"2 Mission Street
Greenville, SC 29601
US",2 Mission Street,Greenville,,SC,29601,US,,,,,,,,,,,,Open Table,,,,,,,,,,,,,,,,
,,,,,,,,,,,,,,,,,,,,,,,,,,,,* myContacts,,,,,,,,,,,,,,,,,,,,,,,,,,,,,,,,,,,,,,,,,,,,,,,,,,,,,
